url,title,description,image,date,hnurl,screenshot,pdf
https://www.tdpain.net/blog/a-year-of-reading,I Tracked Everything I Read on the Internet for a Year :: Thomas Pain,,,2022-09-08T10:58:28.039879792Z,https://news.ycombinator.com/item?id=32759786,,
https://www.troyhunt.com/pwned-the-book-is-finally-here/,"Troy Hunt: ""Pwned"", the Book, is Finally Here!","The first time I ever wrote publicly about a company's security vulnerabilities, my boss came to have a word with me after seeing my name in the news headlines. One of the worst days I've ever had was right in the middle of the Have I Been Pwned sale process,",https://www.troyhunt.com/content/images/2022/09/Website-Card-2.jpg,2022-09-08T11:09:21.317798453Z,https://news.ycombinator.com/item?id=32762443,,
https://www.abc.net.au/news/science/2022-08-01/blockade-australia-technology-bail-conditions-encrypted-apps/101277038,"Blockade Australia climate activist can't use encrypted apps, must let police access phone - ABC News","One phone, no encrypted apps, and sharing passwords with police: These are some of the technology-focused bail conditions faced by Blockade Australia climate protesters.¬†",https://live-production.wcms.abc-cdn.net.au/96801fb3529ed34663be43425cb1b1be?impolicy=wcms_crop_resize&cropH=1688&cropW=3000&xPos=0&yPos=17&width=862&height=485,2022-09-08T11:20:12.017347931Z,https://news.ycombinator.com/item?id=32299244,,
https://incoherency.co.uk/blog/stories/sockfish.html,James Stanley - Cheating at chess with a computer for my shoes,,https://img.incoherency.co.uk/3950/thumb,2022-09-08T12:00:55.617469494Z,https://news.ycombinator.com/item?id=32729105,,
https://rasbora.dev/blog/I-ran-the-worlds-largest-ddos-for-hire-empire-and-cloudflare-helped,I ran the worlds largest DDoS-for-Hire empire and CloudFlare helped,The perils of remaining neutral on a global scale: fanning the flames and selling the extinguisher.,/_next/static/media/cfResponsibilityChart.70dd5e99.png,2022-09-08T12:12:24.531923473Z,https://news.ycombinator.com/item?id=32709329,,
https://www.freedesktop.org/wiki/Software/systemd/TheCaseForTheUsrMerge/,TheCaseForTheUsrMerge,,,2022-09-08T12:45:59.484818461Z,https://news.ycombinator.com/item?id=32747908,,
https://www.abc.net.au/news/2022-09-09/queen-elizabeth-ii-dies-buckingham-palace-charles-king/100235860,"Queen Elizabeth II dies aged 96, Buckingham Palace announces, Charles becomes King - ABC News","The UK's Accession Council is expected to gather soon to proclaim Charles as the new King following the death of his mother, Queen Elizabeth II, at the age of 96.",https://live-production.wcms.abc-cdn.net.au/1656126e0e18262f524c3e96e4756e56?impolicy=wcms_crop_resize&cropH=1415&cropW=2516&xPos=0&yPos=125&width=862&height=485,2022-09-08T21:30:38.59009573Z,,,
https://www.abc.net.au/news/2022-09-09/england-south-africa-test-play-suspended-after-queens-death/101421568,Queen Elizabeth II's death prompts suspension of England-South Africa cricket Test - ABC News,Play has been paused before day two of the men's Test between England and South Africa in London after the death of Queen Elizabeth II.,https://live-production.wcms.abc-cdn.net.au/6977c637f3692f354b48d8e8d7bf6283?impolicy=wcms_crop_resize&cropH=2813&cropW=5000&xPos=0&yPos=258&width=862&height=485,2022-09-08T21:36:21.813275533Z,,,
https://www.abc.net.au/news/2022-09-09/prime-minister-albanese-mourns-death-of-queen-elizabeth/101421572,Prime Minister Anthony Albanese suspends parliament and pays tribute to Queen Elizabeth II - ABC News,"Prime Minister Anthony Albanese offers his condolences to the royal family after the death of Queen Elizabeth II, as parliament is suspended.",https://live-production.wcms.abc-cdn.net.au/3aa2790e964b08ca404c12a0fdc7096c?impolicy=wcms_crop_resize&cropH=1052&cropW=1870&xPos=0&yPos=487&width=862&height=485,2022-09-08T21:38:13.026353899Z,,,
https://daniel.haxx.se/blog/2022/09/08/http-http-http-http-http-http-http/,http://http://http://@http://http://?http://#http:// | daniel.haxx.se,,,2022-09-08T21:59:52.579559274Z,https://news.ycombinator.com/item?id=32764199,,
https://stackoverflow.blog/2022/09/08/this-is-not-your-grandfathers-perl/,This is not your grandfather's Perl - Stack Overflow Blog,That Perl interpreter you have on your Linux machine? Update it and check out the present.,https://149351115.v2.pressablecdn.com/wp-content/uploads/2022/08/090522-Stack-Overflow-This-is-not-your-grandfathers-Perl-scaled.jpeg,2022-09-08T22:58:27.849318286Z,https://news.ycombinator.com/item?id=32767218,,
https://twitter.com/wbm312/status/1567974063578185728,"Whitney Merrill on Twitter: ""Whoa @Patreon laid off their ENTIRE security team. Wouldn‚Äôt trust my data there. Also there‚Äôs some amazing talent to scoop up."" / Twitter",‚ÄúWhoa @Patreon laid off their ENTIRE security team.   Wouldn‚Äôt trust my data there. Also there‚Äôs some amazing talent to scoop up.‚Äù,,2022-09-08T23:03:08.653252577Z,https://news.ycombinator.com/item?id=32772597,,
https://joshcollinsworth.com/blog/self-fulfilling-prophecy-of-react,The self-fulfilling prophecy of React - Josh Collinsworth blog,The only thing React is better at than other front-end frameworks is being popular. So how long will that self-perpetuating cycle continue?,https://joshcollinsworth.com/images/post_images/self-fulfilling-react.png,2022-09-09T02:45:52.044217306Z,https://news.ycombinator.com/item?id=32763476,,
https://tdarb.org/blog/under-1kb.html,tdarb.org / Making a Website Under 1kB,,,2022-09-09T11:07:03.43853723Z,https://news.ycombinator.com/item?id=32777109,,
https://t0.vc/n,Notica | t0.vc,Send browser notifications from your terminal. No installation. No registration.,,2022-09-09T11:57:18.786812133Z,,,
https://supabase.com/blog/choosing-a-postgres-primary-key?utm_source=reddit&utm_medium=referral&utm_campaign=blog-content,Choosing a Postgres Primary Key,"Turns out the question of which identifier to use as a Primary Key is complicated -- we're going to dive into some of the complexity and inherent trade-offs, and figure things out",https://supabase.com/images/blog/primary-keys/choosing-a-postgres-primary-key-og.jpg,2022-09-09T21:13:56.550078989Z,,,
https://supabase.com/blog/seen-by-in-postgresql,"Implementing ""seen by"" functionality with Postgres",Different approaches for tracking visitor counts with PostgreSQL.,https://supabase.com/images/blog/seen-by/seen-by-postgresql-thumb.png,2022-09-09T21:30:17.239416819Z,https://news.ycombinator.com/item?id=32138790,,
https://teamplify.com/blog/why-public-chats-are-better-than-direct-messages/,Why public chats are better than direct messages - Teamplify blog,How we communicate makes an enormous impact on our work. One of the best strategies for improving communication in a team is making it open,,2022-09-09T22:12:38.100320987Z,https://news.ycombinator.com/item?id=32776750,,
https://www.uber.com/en-SE/blog/rethinking-gps/,Rethinking GPS: Engineering Next-Gen Location at Uber | Uber Blog,"Uber‚Äôs Sensing, Inference, and Research team released a software upgrade for GPS on Android phones that significantly improves location accuracy in urban environments.",https://blogapi.uber.com/wp-content/uploads/2018/04/Facebook.jpg,2022-09-11T00:18:51.279535696Z,https://news.ycombinator.com/item?id=32795169,,
https://www.nngroup.com/articles/infinite-scrolling-tips/,"Infinite Scrolling: When to Use It, When to Avoid It","Infinite scrolling minimizes interaction costs and increases user engagement, but it isn‚Äôt a good fit for every website. For some, pagination or a Load More button will be a better solution.",https://media.nngroup.com/media/articles/opengraph_images/InfiniteScrolling_7.png,2022-09-11T02:18:10.96805171Z,https://news.ycombinator.com/item?id=32789617,,
https://reneweconomy.com.au/should-king-charles-speak-his-mind-on-climate-action-or-just-ugly-buildings/,"Should King Charles speak his mind on climate action, or just ugly buildings? | RenewEconomy","Should King Charles speak out on climate change, as he has done as prince? Of course he should, says Albanese.",https://reneweconomy.com.au/wp-content/uploads/2022/09/20220911001701901519-original-scaled.jpg,2022-09-11T23:23:36.390891482Z,,,
https://jameswillia.ms/posts/shortest-urls.html,Shortest URLs on the Internet | James Williams,"What‚Äôs the shortest URL for which content is served on the internet? There are quite a few single-letter second-level domains that are used in very short URLs, such as Google‚Äôs http://g.co or Facebook‚Äôs https://m.me. But we can go shorter than this: there‚Äôs nothing stopping TLD registry operators serving A records at the apexes of their TLD zones. For example, if Verisign (the operator of the com TLD registry) wished, they could add an A record at the apex of the com TLD zone ‚Äì com would then resolve to that IP, and your browser would connect to that IP when you visited https://com.",,2022-09-11T23:28:12.561556673Z,https://news.ycombinator.com/item?id=32801359,,
https://github.com/ContainerSSH/ContainerSSH,ContainerSSH/ContainerSSH: ContainerSSH: Launch containers on demand,ContainerSSH: Launch containers on demand. Contribute to ContainerSSH/ContainerSSH development by creating an account on GitHub.,https://repository-images.githubusercontent.com/269202949/3d11bd00-82bb-11eb-9f4d-842a87dfa6e0,2022-09-12T09:45:21.522814731Z,https://news.ycombinator.com/item?id=28376686,,
https://thin.dev/,Thin Backend: Instead of manually writing REST API endpoints or GraphQL resolvers you can use a Thin Backend server to automatically get a fully featured API backend.,"Blazing fast, universal web app backend for making realtime single page apps",https://thinbackend.app/header.png,2022-09-14T09:08:43.751151205Z,https://news.ycombinator.com/item?id=31164799,,
https://www.nytimes.com/2022/09/14/climate/patagonia-climate-philanthropy-chouinard.html,Patagonia Founder Gives Away the Company to Fight Climate Change - The New York Times,Yvon Chouinard has forfeited ownership of the company he founded 49 years ago. The profits will now be used to fight climate change.,https://static01.nyt.com/images/2022/09/12/climate/00cli-patagonia-promo/00cli-patagonia-promo-facebookJumbo.jpg,2022-09-15T03:57:21.75327963Z,https://news.ycombinator.com/item?id=32842357,,
https://www.patagonia.com/ownership/,Reimagining Capitalism ‚Äî Patagonia,We're standing extractive capitalism on its head in an unprecedented way.¬†Patagonia created a¬†way to lock in its purpose as a company‚Äîwe‚Äôre in business to save our home planet‚Äîand unlock more funds for fighting the climate and extinction crisis.,https://www.patagonia.com/on/demandware.static/-/Library-Sites-PatagoniaShared/default/dwd531ae82/images/campaigns/chacabuco/Home_Yvon_Chouinard_Portraits_Campbell-Brewer_37-final.jpg,2022-09-15T03:58:41.187419946Z,https://news.ycombinator.com/item?id=32842710,,
https://reneweconomy.com.au/renewables-at-record-highs-fossil-fuels-at-record-low-with-more-to-come/,"Renewables at record highs, fossil fuels at record low, with more to come | RenewEconomy","Renewables share nudges new peak of 62.94 per cent, with more records to fall in coming months.",https://reneweconomy.com.au/wp-content/uploads/2022/09/renewbale-share-1124x500.jpg,2022-09-15T06:26:28.269941138Z,,,
https://madebyevan.com/figma/building-a-professional-design-tool-on-the-web/,Building a professional design tool on the web - Made by Evan,,,2022-09-16T03:54:54.609663537Z,,,
https://stackoverflow.blog/2022/09/15/why-the-number-input-is-the-worst-input/,Why the number input is the worst input - Stack Overflow Blog,"Think that web form has got your number? If you used input type=""number"", you may be surprised to find that it doesn't.",https://149351115.v2.pressablecdn.com/wp-content/uploads/2022/09/090922-Stack-Overflow-Why-number-input-is-the-worst-input-scaled.jpg,2022-09-16T04:04:13.120800728Z,https://news.ycombinator.com/item?id=32852643,,
https://scottaaronson.blog/?p=6718,Shtetl-Optimized ¬ª Blog Archive ¬ª I had a dream,"As I slept fitfully, still recovering from COVID, I had one of the more interesting dreams of my life: I was desperately trying to finish some PowerPoint slides in time to give a talk. Uncharacteri‚Ä¶",https://149663533.v2.pressablecdn.com/wp-content/uploads/2021/10/cropped-Jacket.gif,2022-09-16T08:58:06.525647867Z,https://news.ycombinator.com/item?id=29764537,,
https://www.tomshardware.com/news/gpu-mining-is-now-unprofitable,GPU Mining No Longer Profitable After Ethereum Merge | Tom's Hardware,Expect a glut of used cards to show up on eBay soon.,https://cdn.mos.cms.futurecdn.net/uWeRcU8Xs7Wf5dphV92HAX-1200-80.jpg,2022-09-16T22:08:17.568295466Z,https://news.ycombinator.com/item?id=32867584,,
https://www.businessinsider.com/travelers-slam-airbnb-chore-lists-mow-lawn-laundry-cleaning-fees-2022-9,Travelers Slam Lengthy Airbnb Chore Lists and Cleaning Fees,"""If I'm paying $229 a night to stay somewhere, plus a $125 cleaning fee, I'm not doing any laundry,"" one traveler said in a viral TikTok.",https://i.insider.com/63272fb94f92910018838999?width=1200&format=jpeg,2022-09-19T00:58:55.342424695Z,https://news.ycombinator.com/item?id=32892591,,
https://gist.github.com/busypeoples/921bf703bdd1d972c2016afcb9401030,iterating-over-the-other-80-percent.md,"GitHub Gist: instantly share code, notes, and snippets.",https://github.githubassets.com/images/modules/gists/gist-og-image.png,2022-09-19T21:12:34.137916311Z,https://news.ycombinator.com/item?id=32878814,,
https://reneweconomy.com.au/origins-beetaloo-exit-is-not-enough-the-fracking-has-got-to-stop/,"Origin's Beetaloo exit is not enough, the fracking has got to stop | RenewEconomy","Governments, now, must intervene on developments like Beetaloo; listen to the science and, as promised, to the voices of First Nations people.",https://reneweconomy.com.au/wp-content/uploads/2013/08/frack-fire.jpg,2022-09-19T23:33:57.053978486Z,,,
https://iliana.fyi/blog/software-supply-chain/,There is no ‚Äúsoftware supply chain‚Äù ‚Äî iliana.fyi,,,2022-09-20T00:43:54.522921175Z,https://news.ycombinator.com/item?id=32902938,,
https://mainichi.jp/english/articles/20220916/p2a/00m/0sc/017000c,Unique 2-in-1 calculator app adds up to surprise hit for retired engineer in Japan - The Mainichi,"TOKYO -- A 63-year-old man in Japan who is an avid iPhone user has dedicated some of his post-retirement years to developing a popular, unique app tha",https://cdn.mainichi.jp/vol1/2022/09/16/20220916p2a00m0sc014000p/0c10.jpg?1,2022-09-20T02:34:11.400116387Z,https://news.ycombinator.com/item?id=32902520,,
https://httptoolkit.tech/blog/cache-your-cors/,"Cache your CORS, for performance & profit | HTTP Toolkit","CORS is a necessity for many APIs, but basic configurations can create a huge number of extra requests, slowing down every browser API‚Ä¶",https://httptoolkit.tech/static/dbc649347e4e02b67f4551368c05b8da/3c289/library.jpg,2022-09-20T05:48:25.639949486Z,https://news.ycombinator.com/item?id=32907234,,
https://www.securitymagazine.com/blogs/14-security-blog/post/89106-hotel-safety-tips-from-a-former-intelligence-officer,10 Hotel Safety Tips from a Former Intelligence Officer | 2018-06-11 | Security Magazine,"When traveling for business or pleasure, it‚Äôs important to always be conscious of the fact that hotels are a target for criminals, terrorists, and the mentally unstable. Here is a personal safety checklist to share with your C-Suite, frequent business travelers and your security team from an expert who has spent more than 30 years in intelligence and international security.",https://www.securitymagazine.com/ext/resources/SEC/2018/June/hotel-900.jpg?height=635&t=1528747394&width=1200,2022-09-21T13:18:20.810499861Z,https://news.ycombinator.com/item?id=32921157,,
https://www.netnewsledger.com/2022/09/20/russian-president-putin-to-declare-mobilization/,NetNewsLedger - Russian President Putin to Declare Mobilization,"MOSCOW ‚Äì Russian President Putin is moving to announcing a general mobilization. The State Duma of the Russian Federation has added the concepts of ‚Äúmobilization‚Äù, ‚Äúmartial law,‚Äù and ‚Äúwartime‚Äù into the Russian Criminal Code and is going to impose a penalty of up to 10 years in prison for voluntary surrender. This is widely across ‚Ä¶",https://www.netnewsledger.com/wp-content/uploads/2022/02/Russian-President-Putin-Image-Kremlin.jpg,2022-09-21T21:10:33.68329942Z,https://news.ycombinator.com/item?id=32922226,,
https://fly.io/blog/introducing-litefs/,Introducing LiteFS ¬∑ Fly,"We are building a distributed file system for your SQLite databases. Kinda weird, huh?",https://fly.io/blog/2022-09-21/litefs-cover.jpg,2022-09-21T21:16:54.158665542Z,https://news.ycombinator.com/item?id=32925734,,
https://stackoverflow.blog/2022/09/19/i-spent-two-years-trying-to-do-what-backstage-does-for-free/,I spent two years trying to do what Backstage does for free - Stack Overflow Blog,"Absent a time machine, telling others how to avoid my mistakes is the best I can do.",https://149351115.v2.pressablecdn.com/wp-content/uploads/2022/09/091022-Stack-Overflow-Backstage-scaled.jpg,2022-09-22T21:29:39.618249126Z,https://news.ycombinator.com/item?id=32909343,,
https://www.datafantic.com/how-much-time-do-we-waste-waiting-for-websites-to-load/,How much time do we waste waiting for websites to load?,"A few weeks ago, I came across a blog post claiming that websites today are no faster than they were more than 10 years ago. My first reaction was disbelief. After all, home and mobile broadband today are significantly faster than 10 years ago. With home broadband reaching 70 Mbps",https://www.datafantic.com/content/images/2022/09/morgane-le-breton-TXouC7AKUCs-unsplash.jpg,2022-09-23T08:14:34.142967997Z,https://news.ycombinator.com/item?id=32945858,,
https://www.fastcompany.com/90790528/slack-canvas-quip-dreamforce,"Slack unveils canvas, a sharing tool inspired by Quip","Slack kept trying to build a flexible, interactive tool for sharing info‚Äìand kept failing. Then it turned to its Salesforce sibling Quip for the answer. ","https://images.fastcompany.net/image/upload/w_1280,f_auto,q_auto,fl_lossy/wp-cms/uploads/2022/09/85AC6ACF-0A8D-400A-8387-341DA81A8026.jpg",2022-09-23T08:16:51.42083432Z,https://news.ycombinator.com/item?id=32927841,,
https://twitter.com/david3141593/status/1573218394358386688,"David Buchanan on Twitter: ""The image in this tweet displays its own MD5 hash. You can download and hash it yourself, and it should still match - 1337e2ef42b9bee8de06a4d223a51337 I think this is the first PNG/MD5 hashquine. https://t.co/3Aw8F823MZ"" / Twitter","‚ÄúThe image in this tweet displays its own MD5 hash.  You can download and hash it yourself, and it should still match - 1337e2ef42b9bee8de06a4d223a51337  I think this is the first PNG/MD5 hashquine.‚Äù",https://pbs.twimg.com/media/FdUxWg-XkAE5FBx.png:large,2022-09-24T00:37:06.500804566Z,https://news.ycombinator.com/item?id=32949535,,
https://blog.healthchecks.io/2022/09/schedule-cron-job-the-funky-way/,"Schedule Cronjob for the First Monday of Every Month, the Funky Way ‚Äì Healthchecks.io","The crontab man page (""man 5 crontab"" or read online) contains this bit:    Note: The day of a command's execution can be specified by two fields ‚Äî day of month, and day of week. If both fields are restricted (i.e., don't start with *), the command will be run when either field matches the current t",https://blog.healthchecks.io/wp-content/uploads/2022/09/man-cron.png,2022-09-24T00:40:36.085253529Z,https://news.ycombinator.com/item?id=32949338,,
https://dthompson.us/guix-for-development.html,Guix for development ‚Äî dthompson,,,2022-09-24T01:09:56.172582476Z,https://news.ycombinator.com/item?id=32956758,,
https://www.theguardian.com/sport/2022/sep/24/geelong-eviscerate-sydney-swans-by-81-points-in-afl-grand-final-win-for-the-ages,Geelong eviscerate Sydney by 81 points in AFL grand final win for the ages | AFL | The Guardian,"This decider, on return to a full house of 100,024 at the MCG after a two-year hiatus, was a famous victory for the ages",https://i.guim.co.uk/img/media/a7f3e49a1c93d47a0c054e8fd21e8d68f3cd0c52/0_0_5254_3153/master/5254.jpg?width=1200&height=630&quality=85&auto=format&fit=crop&overlay-align=bottom%2Cleft&overlay-width=100p&overlay-base64=L2ltZy9zdGF0aWMvb3ZlcmxheXMvdGctZGVmYXVsdC5wbmc&enable=upscale&s=f79ba9c4d3213e55de4cff82e248c2ff,2022-09-24T21:53:25.561112206Z,,,
https://world.hey.com/jorge/aging-programmer-d448bdec,Aging programmer,"Back in college, they told me that I would start my career writing code, but eventually, I would move to a position where I would ask others to code my designs. To celebrate that this turned out to be completely false, here are some assorted reflections as a 40-year-old programmer that looks back: ‚Ä¢ Compared to my younger versions, I f...",https://world.hey.com/jorge/d448bdec/representations/eyJfcmFpbHMiOnsibWVzc2FnZSI6IkJBaHBCQlJ3eHpnPSIsImV4cCI6bnVsbCwicHVyIjoiYmxvYl9pZCJ9fQ==--20787dd2d61668d6cd045fde8e2b915063a76740/eyJfcmFpbHMiOnsibWVzc2FnZSI6IkJBaDdDRG9UY21WemFYcGxYM1J2WDJacGJHeGJCMmtDc0FScEFuWUNPZ3h4ZFdGc2FYUjVhUzA2Q25OMGNtbHdWQT09IiwiZXhwIjpudWxsLCJwdXIiOiJ2YXJpYXRpb24ifX0=--f2badd95ce31e495769e48a538e401dea1aca2ae/oziel-gomez-x7gz40Z9ObM-unsplash-2.jpg,2022-09-25T05:27:23.367897283Z,https://news.ycombinator.com/item?id=32961933,,
https://www.kenyans.co.ke/news/79926-brilliant-kipchoge-bags-fourth-berlin-marathon-title-equals-gebrselassies-record,Kipchoge Smashes World Record to Win Berlin Marathon - Kenyans.co.ke,Kipchoge set the world record during the 2018 BMW Berlin Marathon edition.,https://www.kenyans.co.ke/files/styles/article_style/public/images/media/Eliud%20Kipchoge%20Berlin%202022.jpg?itok=83jU-9LH,2022-09-25T09:25:37.919007211Z,,,
https://simonwillison.net/2021/Jul/28/baked-data/,The Baked Data architectural pattern,I‚Äôve been exploring an architectural pattern for publishing websites over the past few years that I call the ‚ÄúBaked Data‚Äù pattern. It provides many of the advantages of static site ‚Ä¶,https://static.simonwillison.net/static/2021/mozilla-site-content.png,2022-09-25T12:42:51.401455443Z,https://news.ycombinator.com/item?id=27994393,,
https://twitter.com/foone/status/1572260363764400129,"foone on Twitter: ""Someday aliens are going to land their saucers in a field somewhere in New Jersey and everything is going to go just fine right up until we try to explain our calendar to them"" / Twitter",‚ÄúSomeday aliens are going to land their saucers in a field somewhere in New Jersey and everything is going to go just fine right up until we try to explain our calendar to them‚Äù,,2022-09-25T23:50:49.746973419Z,https://news.ycombinator.com/item?id=32975173,,
https://jgthms.com/web-design-in-4-minutes/#share,Web Design in 4 minutes,Learn the basics of web design in 4 minutes with this interactive tutorial.,https://jgthms.com/web-design-in-4-minutes/learn-web-design-in-4-minutes.png,2022-09-26T03:58:43.069451046Z,,,
https://devblogs.microsoft.com/oldnewthing/20220920-00/?p=107201,"Janet Jackson had the power to crash laptop computers, follow-up - The Old New Thing",Deeper speculation by others.,https://devblogs.microsoft.com/oldnewthing/wp-content/uploads/sites/38/2019/02/ShowCover.jpg,2022-09-26T06:30:03.087008752Z,https://news.ycombinator.com/item?id=32911897,,
https://acko.net/blog/get-in-zoomer-we-re-saving-react/,"Get in Zoomer, We're Saving¬†React ‚Äî Acko.net","Looking back, and forward",https://acko.net/files/zoomer/cover.jpg,2022-09-26T06:38:07.856819636Z,https://news.ycombinator.com/item?id=32959397,,
https://twitter.com/jeremy_kirk/status/1573652986437726208?s=46&t=oIqhw1HXK5ZsG-qq14G5Uw,"Jeremy Kirk on Twitter: ""UPDATE: I reached the person who claims to have hacked Optus. I've also been contacted by a second, separate source who says the hacker's version of events is approximately correct. Here's what they said. #OptusHack #infosec #auspol"" / Twitter","‚ÄúUPDATE: I reached the person who claims to have hacked Optus. I've also been contacted by a second, separate source who says the hacker's version of events is approximately correct. Here's what they said. #OptusHack #infosec #auspol‚Äù",,2022-09-26T07:01:38.429439157Z,,,
https://www.bankinfosecurity.com/optus-under-1-million-extortion-threat-in-data-breach-a-20142,Optus Under $1 Million Extortion Threat in Data Breach,Australia‚Äôs Optus telco is facing a $1 million extortion demand to prevent the release of up to 11.2 million sensitive customer records. The data appears to be,https://130e178e8f8ba617604b-8aedd782b7d22cfe0d1146da69a52436.ssl.cf1.rackcdn.com/optus-under-1-million-extortion-threat-in-data-breach-showcase_image-4-a-20142.jpg,2022-09-26T07:04:29.146403798Z,,,
http://boston.conman.org//2022/09/22.1,So when did POP and IMAP become a ‚Äúlegacy protocol?‚Äù - The Boston Diaries - Captain Napalm,So when did POP and IMAP become a ‚Äúlegacy protocol?‚Äù,/favicon.ico,2022-09-26T07:44:28.711251878Z,https://news.ycombinator.com/item?id=32969374,,
https://fusectore.dev/2022/09/25/github-actions-pitfalls.html,How well do you know GitHub Actions? | fusectore.dev,"During one of my assignments, I worked with GitHub Actions pretty much every day. I implemented workflows, created new actions, and helped people migrate their projects from jenkins to actions. As much as I like actions ‚Äì and I like them a lot ‚Äì there are some things that caught me off guard. I have collected some of these things, both for other people to let them know, and for myself as a future reference. How well do you know actions? Can you answer all of these questions correctly? ‚ÑπÔ∏è Assume that all YAML and code is valid/compiles Output from a previous job What does the following print? jobs: jobOne: runs-on: ubuntu-latest outputs: foo: ${{ steps.foo.outputs.foo }} steps: - run: echo '::set-output name=foo::bar' id: foo jobTwo: needs: jobOne runs-on: ubuntu-latest steps: - run: echo hello jobThree: needs: jobTwo runs-on: ubuntu-latest steps: - run: echo ${{ needs.jobOne.outputs.foo }} Solution: It prints an empty line, because if you want to access an output from a job, you need to list it as a dependency. Outputs from transitive dependencies cannot be accessed. To fix this, make the third job depend on the first job explicitly needs: [jobOne, jobTwo] Exec explodes GitHub provides action developers with a toolkit to develop actions in JavaScript. One of the functions in there is called exec and can be used to run a command. Here‚Äôs its signature: /** * Exec a command. * Output will be streamed to the live console. * Returns promise with return code * * @param commandLine command to execute (can include additional args). Must be correctly escaped. * @param args optional arguments for tool. Escaping is handled by the lib. * @param options optional exec options. See ExecOptions * @returns Promise<number> exit code */ export async function exec( commandLine: string, args?: string[], options?: ExecOptions ): Promise<number> In an action, you might use it like so: const returnCode = await exec.exec('node', ['index.js']); if (returnCode != 0) { console.error('Uh! Something did not quite work :(') } Do you see any problems with that code? The problem is that exec does not return a non-zero return code if the command fails. Instead, it returns a rejected promise. So if you want to handle the error case, you need to wrap it in a try-catch block. While this behavior can be changed by passing ignoreReturnCode as the third argument ExecOptions, the default behavior is very surprising. I have seen many examples of people checking the return code without knowing how this function really behaves. Nevertheless, I still think throwing an error by default is probably not a bad choice, given that (A) many people ignore error handling and (B) you probably want to abort on error. Push for all? Say you‚Äôre working on your open source project, and you just started using actions to make sure the build always passes: on: push jobs: build: runs-on: ubuntu-latest steps: - uses: actions/checkout@v3 # etc.. The push trigger seems to do the trick in all cases: You can push to a branch (or pull request) and the build runs. You can push to the main branch and the build runs. But there‚Äôs a scenario where it won‚Äôt run. Do you know when? Solution: If I fork your project and create a pull request, then push won‚Äôt trigger. If you want the PRs of external contributors to be validated with your workflows as well, you need to use the trigger pull_request. And once you do that, you also need to make sure the push only triggers on main, because otherwise your own pull requests will trigger the workflow twice (both from push and pull_request): on: pull_request: push: branches: [main] When talking about running actions from contributors, it is important to mention that: You can control how actions are triggered in pull requests from forks by Approving workflow runs from public forks Secrets are generally not available in PRs from forks, except for $GITHUB_TOKEN, which is read-only. There‚Äôs a trigger called pull_request_target to work around that, but you need to be careful as this open up the gates for potential vulnerabilities. Too much information, GitHub Say I have an open pull request based on a branch called my-feature, and the following workflow is triggered. What does it print? on: pull_request jobs: branch: runs-on: ubuntu-latest steps: - run: echo ${{ github.ref_name }} I‚Äôll even give you the docs on github.ref_name: The short ref name of the branch or tag that triggered the workflow run. This value matches the branch or tag name shown on GitHub. For example, feature-branch-1. I‚Äôm going to guess you said my-feature, but unfortunately you‚Äôre wrong. It is going to print the PR number followed by /merge. For example, it would print 18/merge for the 18th pull request in your repository. Why is that? ü§î The simple explanation is that when you create a pull request on GitHub, they create some additional internal(!) branches to make it easier for them to manage your pull request and tell you how it compares to the branch you want to merge into. As a result of that, when you run a workflow on a pull_request event, it runs on one of these ‚Äúinternal‚Äù branches rather than the one you just pushed. In terms of contents on your branch, this doesn‚Äôt make a difference ‚Äì you‚Äôre still running your builds and tests on your contents ‚Äì it‚Äôs just the branch name that is different. Unfortunately, this implementation detail is exposed here. Please see this answer on stackoverflow for more information. Note that $GITHUB_SHA is not what you‚Äôd expect either So how can you access the name of your branch in a pull request? It‚Äôs in the payload from the event: on: pull_request jobs: branch: runs-on: ubuntu-latest steps: - run: echo ${{ github.event.pull_request.head.ref }} Bonus: Am I there or not? Consider this reusable workflow: on: workflow_call: inputs: my-input: description: optional input required: false type: string jobs: greet: runs-on: ubuntu-latest steps: - uses: my/action@v1 with: my-input: ${{ inputs.my-input }} Let‚Äôs say the action my/action@v1 has an optional input my-input which has a default value my-value. Now if you were to call the reusable workflow as shown in the following example, what value would be passed to my/action@v1? Would the default be used? jobs: jobA: uses: org/repo/.github/workflows/workflow.yml@v1 Solution: An empty string is passed to my/action@v1 as my-input. The way this works is that if no value is passed to the reusable workflow, then the input my-input is still passed to the action, but it‚Äôs passed as an empty string. And even though we usually see an empty string as ‚Äúno value passed‚Äù, the default value is not used here, because we did pass something. If you wanted to use the default value if no input was passed, then you‚Äôd have to invoke the action differently based on whether the input was passed to the reusable workflow. steps: - uses: my/action@v1 if: inputs.my-input with: my-input: ${{ inputs.my-input }} - uses: my/action@v1 if: inputs.my-input == '' This has been a long-standing issue in the runner, but there‚Äôs likely no easy solution that does not break existing workflows.",,2022-09-26T11:20:57.821639349Z,https://news.ycombinator.com/item?id=32970198,,
https://unencumberedbyfacts.com/2019/01/24/jmap-its-like-imap-but-not-really/,JMAP: It‚Äôs like IMAP But Not Really ‚Äì Unencumbered by Facts,"With the new year upon us, I decided it was time to do something ambitious for my Open Source project. This is where I normally quip about never mentioning my project before, even though I literall‚Ä¶",https://s0.wp.com/i/blank.jpg,2022-09-26T12:21:47.876546101Z,https://news.ycombinator.com/item?id=18996200,,
https://www.reuters.com/world/cia-warned-berlin-about-possible-attacks-gas-pipelines-summer-spiegel-2022-09-27/,CIA warned Berlin about possible attacks on gas pipelines in summer - Spiegel | Reuters,"The U.S. Central Intelligence Agency (CIA) had weeks ago warned Germany about possible attacks on gas pipelines in the Baltic Sea, German magazine Spiegel said on Tuesday, after gas leaks in Russia pipelines to Germany were reported.",https://www.reuters.com/resizer/rdf16_W_h6vKT31M7jQb0Kv_hR4=/1200x628/smart/filters:quality(80)/cloudfront-us-east-2.images.arcpublishing.com/reuters/JOS7TDNJHBIRTDDAA5P3X564GM.jpg,2022-09-27T21:14:12.951996674Z,,,
https://www.reuters.com/world/ukraine-annexation-votes-end-amid-russian-mobilisation-exodus-2022-09-26/,Russia issues new nuclear warning as contested Ukraine referendums end | Reuters,An ally of President Vladimir Putin issued a stark new nuclear warning to Ukraine and the West on Tuesday as Russia began releasing results of referendums it bills as a prelude to it annexing four Ukrainian regions.,https://www.reuters.com/resizer/2C2HqrXpTqnJNQeM2bSHiTY3qwY=/1200x628/smart/filters:quality(80)/cloudfront-us-east-2.images.arcpublishing.com/reuters/PPLDR6PDHVNP5CTAQEVTYA22DA.jpg,2022-09-27T21:16:58.151836619Z,,,
https://www.oxfam.org/en/press-releases/62-people-own-same-half-world-reveals-oxfam-davos-report,"62 people own the same as half the world, reveals Oxfam Davos report | Oxfam International",,https://www.oxfam.org,2022-09-28T10:46:03.822397675Z,https://news.ycombinator.com/item?id=33005397,,
https://www.theguardian.com/environment/2022/sep/25/autumn-uk-milder-season-flora-fauna,Autumn has arrived in the UK ‚Äì but the season is not like it used to be | Autumn | The Guardian,"There‚Äôs a new season‚Äôs beauty in the Fens, but also signs of altered behaviour by flora and fauna stressed by the milder weather",https://i.guim.co.uk/img/media/68a54a3289283685662d8769bcc0f5e8c3a5d42d/0_192_5760_3456/master/5760.jpg?width=1200&height=630&quality=85&auto=format&fit=crop&overlay-align=bottom%2Cleft&overlay-width=100p&overlay-base64=L2ltZy9zdGF0aWMvb3ZlcmxheXMvdG8tZGVmYXVsdC5wbmc&enable=upscale&s=3f40d835b6a35a2caae10b863aedf2c7,2022-09-28T10:48:38.159416467Z,,,
https://www.theguardian.com/environment/2022/sep/23/uk-climate-activists-held-in-jail-for-up-to-six-months-before-trial,UK climate activists held in jail for up to six months before trial | Environmental activism | The Guardian,Campaigners say protesters arrested for blocking roads getting ‚Äòlost in prison system‚Äô while on remand,https://i.guim.co.uk/img/media/c2f6ddc2fce6df6ed5e122110c76ad8d56909016/0_336_5848_3509/master/5848.jpg?width=1200&height=630&quality=85&auto=format&fit=crop&overlay-align=bottom%2Cleft&overlay-width=100p&overlay-base64=L2ltZy9zdGF0aWMvb3ZlcmxheXMvdGctZGVmYXVsdC5wbmc&enable=upscale&s=8535e0165c9a1d2134fae0e93f554c11,2022-09-28T10:49:52.07038754Z,,,
https://juanreyero.com/article/emacs/org-teams.html,Org-mode tricks for team management,,,2022-09-28T20:44:41.423989904Z,,,
https://bengrosser.com/projects/endless-doomscroller/,The Endless Doomscroller ‚Äî Ben Grosser,"An endless stream of doom, without all the specifics.",https://bengrosser.com/wp-content/resources/endless-doomscroller-social-no-header-1200x627.png,2022-09-29T01:35:23.391027733Z,,,
https://niconiconi.neocities.org/posts/ken-thompson-really-did-launch-his-trusting-trust-trojan-attack-in-real-life/,"Ken Thompson Really Did Launch His ""Trusting Trust"" Trojan Attack in Real Life","Ken Thompson's ""Trusting Trust"" compiler Trojan attack was not just a thought experiment. In fact, Usenet poster Jay Ashworth stated that, from personal communications, Thompson really did launch this attack in real life and successfully compromised the Unix Support Group at Bell Labs. Recently, I've rediscovered this original message with full message headers in a search effort using various Usenet archives, showing the authenticity of the post.",,2022-09-29T03:40:53.735393685Z,https://news.ycombinator.com/item?id=33008519,,
https://www.rnz.co.nz/news/world/475692/australian-govt-wants-telco-optus-to-pay-for-new-passports-for-data-breach-victims,Australian govt wants telco Optus to pay for new passports for data breach victims | RNZ News,The Foreign Affairs Minister formally asked teleco Optus to cover passport application fees for anyone caught up in a data breach which affected millions of Australians.,"https://rnz-ressh.cloudinary.com/image/upload/s--uAg5STFU--/c_scale,f_auto,q_auto,w_1050/4LKPLLZ_40266969_m_jpg",2022-09-29T06:33:52.276207882Z,https://news.ycombinator.com/item?id=33012171,,
https://owntracks.org/,OwnTracks - Your location companion,Your location companion,,2022-09-29T11:03:54.833175092Z,https://news.ycombinator.com/item?id=30904003,,
https://apps.garmin.com/en-AU/apps/9130a1c5-3335-47c7-b6ee-c118c2bd20e4,LiveTracker Datafield | Garmin Connect IQ,"Let your friends know, where you are while biking, running, hiking, paragliding, etc.!</p><p>This datafield uses the energy efficient GPS of your GARMIN device for livetracking. Location data ist sent every 5 minutes via BLE and your mobile phone to a private server of your own choice (for example https://github.com/tomyvi/php-tracks-recorder; owntracks server, traccar server).</p><p>Please be aware: To use this datafield, you need your own tracking server!!</p><p>The 5 minutes update interval is caused by a restriction for datafields to make only every 5 minutes a webrequest to save battery power.</p><p>The Owntracks-JSON-payload with location information is posted via HTTP.</p><p>This is an alternative to the official Garmin Livetrack service. Your track data is stored on your private server and track data does not vanish after 24h.</p><p>The datafield has been tested on the Fenix 6x and on the Vivoactive HR.</p><p>Feel free to contact me, if you want to test this app on another device and I will add it to the supported devices - if possible.</p><p></p><p>If you like this app: go to https://www.buymeacoffee.com/b8flyh - Thanks!</p><p></p><p>Settings:</p><p>device ID: Set your device name (Standard: GarminTracker)</p><p>server URL: Set the URL to your tracking server API (Standard: https://domain.com/post )</p><p></p><p>Transmitted data payload:</p><p>{</p><p>batt:76, // battery [percent]</p><p>_type:location,</p><p>lat:53.610501,</p><p>cog:174, // heading [degrees]</p><p>alt:3128, // altitude [m]</p><p>lon:10.079511,</p><p>vel:12.5, // speed [km/h]</p><p>acc:4, // Garmin does not provide accuracy in meters - 4=Good, 3=Usable, 2=Poor</p><p>tst:1645652097, // UNIX timestamp [s]</p><p>tid:GarminTracker // can be set in settings</p><p>}",https://services.garmin.com/appsLibraryBusinessServices_v0/rest/apps/9130a1c5-3335-47c7-b6ee-c118c2bd20e4/icon/5f6600c5-a332-4cb5-981e-5394a7db7520,2022-09-29T11:06:21.80028337Z,,,
https://photomatt.tumblr.com/post/696629352701493248/why-go-nuts-show-nuts-doesnt-work-in-2022,"Matt on Tumblr ‚Äî Why ‚ÄúGo Nuts, Show Nuts‚Äù Doesn‚Äôt Work in 2022","For those who don‚Äôt know or remember, Tumblr used to have a policy around porn that was literally ‚ÄúGo nuts, show nuts. Whatever.‚Äù That was memorable and hilarious, and for many people, Tumblr both...",,2022-09-29T23:17:30.109750958Z,https://news.ycombinator.com/item?id=33025477,,
https://www.abc.net.au/news/2022-09-30/food-delivery-drone-lands-on-power-lines-qld-browns-plains/101489670,Queensland's Browns Plains without electricity after drone food delivery crashes into powerlines - ABC News,"An¬†Energex spokesman says, though¬†many objects, including shoes, umbrellas, trampolines, kites and even toilet seats, have caused issues, it is ""rare"" for a drone to hit¬†a powerline.",https://live-production.wcms.abc-cdn.net.au/8bdf9e2e7c1e75ddf01c4b5dc9823b81?impolicy=wcms_crop_resize&cropH=270&cropW=480&xPos=0&yPos=34&width=862&height=485,2022-09-30T03:32:37.685194862Z,,,
https://www.tinc-vpn.org/,tinc,,,2022-09-30T04:58:06.95966052Z,https://news.ycombinator.com/item?id=16325394,,
https://paxus.wordpress.com/2020/02/04/praise-from-unreliable-sources/,Praise from Unreliable Sources | your passport to complaining,"I have been looking of google reviews a lot recently, and Twin Oaks as a community have a very high overall rating on google, 4.7 stars.¬† There were very few low star reviews, but one of my favorit‚Ä¶",https://paxus.files.wordpress.com/2020/02/smash-patriarchy-white-board-full.jpg,2022-09-30T22:59:56.966584946Z,,,
https://steampipe.io/,Steampipe | select * from cloud;,"Steampipe is an open source tool to instantly query your cloud services (e.g. AWS, Azure, GCP and more) with SQL. No DB required.",https://steampipe.io/images/steampipe-logo.png,2022-09-30T23:40:20.790136352Z,https://news.ycombinator.com/item?id=33034351,,
https://9to5google.com/2022/09/29/stadia-employees-shutdown-meeting-harrison/,Stadia employees learned of shutdown just minutes before public,Stadia's Phil Harrison only told employees about the streaming service's shutdown minutes before the public learned.,https://i0.wp.com/9to5google.com/wp-content/uploads/sites/4/2019/03/stadia_games_entertainment_studio_1.jpg?resize=1200%2C628&quality=82&strip=all&ssl=1,2022-09-30T23:59:42.013382346Z,https://news.ycombinator.com/item?id=33041682,,
https://www.abc.net.au/news/2022-10-01/david-taylor-global-financial-crisis-2/101492384,"The world is flirting with another global financial crisis, and the next few weeks are key - ABC News","It's hard to overstate the magnitude of the financial trouble Britain, and because of its financial heft, the world, found itself in this week, writes David Taylor.",https://live-production.wcms.abc-cdn.net.au/4e001d56d399ec41f26e07f3f6be34e8?impolicy=wcms_crop_resize&cropH=718&cropW=1276&xPos=0&yPos=0&width=862&height=485,2022-10-01T03:19:10.490615506Z,,,
https://adguard-vpn.com/en/blog/vpn-built-browser-microsoft.html,Browsers with built-in VPNs ‚Äî the new normal? Microsoft bakes a VPN into Edge and turns it on,"Microsoft has followed a small group of its competitors in building a VPN service directly into its own browser. The VPN feature, known as ‚ÄúMicrosoft Edge Secure Network,‚Äù has rolled out to a limited selection of users in the latest Edge Canary version.",https://adguard-vpn.com/content/images/2022/09/microsoft_big.jpg,2022-10-01T07:36:33.609730832Z,https://news.ycombinator.com/item?id=33037171,,
https://safeguarddefenders.com/en/blog/230000-policing-expands,"230,000 Chinese ""persuaded to return"" from abroad, China to establish Extraterritoriality | Safeguard Defenders",This latest installment in Safeguard Defenders‚Äô Investigations series takes a deep dive into the Chinese police‚Äôs expanding global policing toolkit by examining a seemingly recent campaign to counter transnational telecom and online fraud (according to the official provincial statements) by several provinces in the People‚Äôs Republic of China.,,2022-10-02T00:25:54.743085773Z,https://news.ycombinator.com/item?id=33050320,,
https://lulu.substack.com/p/fandom,Build your fanbase using the K-pop method,"Every successful startup needs a fanbase. To build one, learn from the masters.","https://substackcdn.com/image/fetch/w_1200,h_600,c_limit,f_jpg,q_auto:good,fl_progressive:steep/https%3A%2F%2Fbucketeer-e05bbc84-baa3-437e-9518-adb32be77984.s3.amazonaws.com%2Fpublic%2Fimages%2F11815d7d-ab7d-4744-87c8-195e6653f9f9_1024x683.jpeg",2022-10-02T22:29:50.80641429Z,https://news.ycombinator.com/item?id=33049922,,
https://handwritten.blog/2022-10-01-hyperlinks-in-handwriting.html,handwritten.blog,How this blog is written,https://handwritten.blog/title.png,2022-10-02T22:34:47.49667766Z,https://news.ycombinator.com/item?id=33055426,,
https://blog.danieljanus.pl/2020/01/21/middleware/,"Careful with that middleware, Eugene",,,2022-10-02T22:54:36.61619449Z,,,
https://www.forbes.com/sites/jeffmcmahon/2022/10/02/journalists-are-making-the-same-mistake-with-food-that-they-made-with-climate-change-scientists-say/?sh=3b3ccbc42994,Journalists Are Making The Same Mistake With Dietary Change They Made With Climate Change: Study,"Scientists agree that developed nations need to eat less meat and shift to a plant-based diet, but newspapers cover the issue as an open question, repeating a mistake they made covering climate change.",,2022-10-04T02:47:31.275270696Z,,,
https://twitter.com/natfriedman/status/1575631194032549888,"(6) Nat Friedman on Twitter: ""I‚Äôve been playing with using GPT-3 to control a browser the last couple days. Here‚Äôs a quick demo. As you can see it's pretty neat! But also quite flakey. Will publish the source code shortly for others to try and improve. https://t.co/vXSIBsM7Rp"" / Twitter",‚ÄúI‚Äôve been playing with using GPT-3 to control a browser the last couple days. Here‚Äôs a quick demo. As you can see it's pretty neat! But also quite flakey.  Will publish the source code shortly for others to try and improve.‚Äù,https://pbs.twimg.com/ext_tw_video_thumb/1575630331419295744/pu/img/VkIqfFliDrQaJTAf.jpg:large,2022-10-04T04:25:20.800640385Z,,,
https://balancethegrind.co/daily-routines/eliud-kipchoge-daily-routine/,Eliud Kipchoge: Daily Routine - Balance The Grind,"In Daily Routines, we profile successful leaders, artists, entrepreneurs, executives, athletes and more. In this edition we look at Eliud Kipchoge's daily routine.",https://balancethegrind.co/wp-content/uploads/2022/09/eliud-kipchoge-daily-routine.jpg,2022-10-04T11:59:40.642669259Z,,,
https://chan.co.za/how-fateful,How fateful?,,,2022-10-04T12:14:24.144438176Z,https://news.ycombinator.com/item?id=33077473,,
https://github.com/bionic/bionic,bionic/bionic: Convert data exports from various services to a single SQLite database,Convert data exports from various services to a single SQLite database - bionic/bionic: Convert data exports from various services to a single SQLite database,https://opengraph.githubassets.com/47a76976f6db1d723a2563adc0c9754f900e694b0f4f86dd99a985f2d1a7862e/bionic/bionic,2022-10-04T12:23:36.88508286Z,https://news.ycombinator.com/item?id=9056355,,
https://flavoracle.tumblr.com/post/167150535757/its-sad-how-much-of-what-is-taught-in-school-is,Flavoracle ‚Äî It‚Äôs sad how much of what is taught in school is...,"I took calculus my senior year of high school, and I really liked the way our teacher framed this on the first day of class.  He asked somebody to raise their hand and ask him when we would use...",,2022-10-05T02:58:51.019591071Z,https://news.ycombinator.com/item?id=33085532,,
https://libsql.org/,"libSQL | libSQL is an open source, open contribution fork of SQLite. We aim to evolve it to suit many more use cases than SQLite was originally designed for.","libSQL is an open source, open contribution fork of SQLite. We aim to evolve it to suit many more use cases than SQLite was originally designed for.",,2022-10-05T03:05:29.997969889Z,https://news.ycombinator.com/item?id=26082680,,
https://notes.abhinavsarkar.net/2022/just-nix-podman-combo,"Just, Nix Shell and Podman are a Killer Combo | Abhinav's Notes",Short notes about things I come across and ideas I run into,,2022-10-05T21:44:51.86263534Z,https://news.ycombinator.com/item?id=33099938,,
https://thehustle.co/the-banker-who-caused-the-1929-stock-crash/,The banker who caused the 1929 stock crash,"At the outset of the Depression, Charles Mitchell was the most wanted banker in America. Today, his name‚Äôs largely been forgotten.",https://thehustle.co/wp-content/uploads/2022/09/share-3.png,2022-10-06T07:20:22.283053228Z,https://news.ycombinator.com/item?id=33044167,,
https://en.wikipedia.org/wiki/Digraphs_and_trigraphs#C,Digraphs and trigraphs - Wikipedia,,,2022-10-06T07:28:35.598053248Z,,,
https://reneweconomy.com.au/a-flight-to-quality-as-carbon-traders-hedge-against-a-tightening-of-rules/,"A flight to quality, as carbon traders hedge against a tightening of rules | RenewEconomy",A mixed quarter of trading shaped by the announcement of the Chubb ERF review and the federal government‚Äôs plan to reform the Safeguard Mechanism.,https://reneweconomy.com.au/wp-content/uploads/2016/07/australia_money-e1469584884989.jpg,2022-10-06T07:32:51.869638137Z,,,
https://www.datacenterdynamics.com/en/news/google-officially-launches-equiano-subsea-cable/,Google officially launches Equiano subsea cable - DCD,Equiano is expected to create 1.6 million jobs,https://media.datacenterdynamics.com/media/images/Google_Africa_map_Equiano__lead.e253fd2d.fill-1200x630.png,2022-10-06T12:21:24.361572246Z,https://news.ycombinator.com/item?id=33101487,,
https://leaningtech.com/webvm-virtual-machine-with-networking-via-tailscale/,WebVM Virtual Machine With Networking via Tailscale,Today we are proud to announce that we have introduced full TCP and UDP network support to WebVM via integration with Tailscale.,https://leaningtech.com/wp-content/uploads/2022/10/Tailscale-v6.png,2022-10-06T20:35:32.773168675Z,https://news.ycombinator.com/item?id=33108944,,
https://hakibenita.com/future-proof-sql,Future Proofing SQL with Carefully Placed Errors | Haki Benita,How to fail loudly when you really should,https://hakibenita.com/images/00-future-proof-sql.png,2022-10-06T21:52:33.476409798Z,https://news.ycombinator.com/item?id=33109644,,
https://planetofthepaul.com/wikipedia-download-usb-flash/,How To Download All of Wikipedia onto a USB Flash Drive in 2022,"Here's how to download all of Wikipedia (6M+ articles) onto a USB flash drive for offline access. After hours of trying and failing, here's what worked for me",http://planetofthepaul.com/wp-content/uploads/2022/10/flash-scaled.jpeg,2022-10-07T03:38:26.814801573Z,https://news.ycombinator.com/item?id=33114107,,
https://planetofthepaul.com/asian-tilde-mark-texting/,Why Asians Use the (~) Tilde Mark For Texting and What It Means,"In Asian texting culture, the purpose of the ~ mark is to communicate an excited or friendly tone, similar to how an English typer would elongate and emphasize words like ""heyyyy"" ""yessssss"" or ""loooooove it"" to show an added layer of excitement onto their response.",http://planetofthepaul.com/wp-content/uploads/2022/10/tilde-asian-squiggle-text.jpeg,2022-10-07T03:39:48.040686774Z,,,
https://hackaday.com/2016/12/05/self-driving-cars-are-not-yet-safe/,Self-Driving Cars Are Not (Yet) Safe | Hackaday,Three things have happened in the last month that have made me think about the safety of self-driving cars a lot more. The US Department of Transportation (DOT) has issued its guidance on the safet‚Ä¶,https://hackaday.com/wp-content/uploads/2016/12/autopilot.jpg,2022-10-07T10:56:10.498217155Z,,,
https://simonberens.me/blog/dalle-2-vs-10-fiverr-commission,DALL¬∑E 2 vs $10 Fiverr Commissions ‚Äî Simon Berens,"Recently I wrote a  blog post  that had a concept I wanted to show graphically. Given that my drawing skills are terrible, I turned to Fiverr to get something that didn‚Äôt make my eyes bleed. While waiting for my commissioned art, I realized this was the perfect opportunity to compare the state of th",http://static1.squarespace.com/static/613427e870437e71843598fa/t/6341ceff3c33107ed6f4c86a/1665257221231/DALL%C2%B7E+2022-10-08+12.26.48+-+line+graph.png?format=1500w,2022-10-08T21:07:10.535023055Z,https://news.ycombinator.com/item?id=33135237,,
https://www.theage.com.au/lifestyle/life-and-relationships/melbourne-tried-to-bring-butterflies-back-to-the-cbd-it-worked-20220930-p5bm5o.html,How Melbourne brought butterflies back to the CBD,"Not just butterflies, but bees too. Now the city is expanding its trial putting in more understory plants to see if birds will come back too.",https://static.ffx.io/images/$zoom_0.2383%2C$multiply_0.7554%2C$ratio_1.777778%2C$width_1059%2C$x_0%2C$y_98/t_crop_custom/q_86%2Cf_auto/t_theage_no_label_no_age_social_wm/68d9f699a644248bd0af92867ca8c6e43bae8333,2022-10-08T21:32:36.618243143Z,,,
https://www.theage.com.au/lifestyle/life-and-relationships/okay-zoomer-how-gen-z-have-mastered-the-work-life-balance-20220726-p5b4kq.html,Work/life balance: What Gen Z can teach Millennials,Gen Z are much better at policing their leisure time and respecting boundaries than Millennials.,https://static.ffx.io/images/$zoom_0.1765%2C$multiply_0.7554%2C$ratio_1.777778%2C$width_1059%2C$x_0%2C$y_37/t_crop_custom/q_86%2Cf_auto/t_theage_opinion_no_age_social_wm/18f69765bbddf71e4de92ca4a9f3c08562d5ab2a,2022-10-08T21:35:38.446490104Z,,,
https://www.abc.net.au/news/2022-10-07/rba-says-its-rate-hikes-may-force-people-to-sell-their-homes/101511620?utm_medium=social&utm_content=sf260826052&utm_campaign=abc_perth&utm_source=m.facebook.com&sf260826052=1&fbclid=IwAR1T7BoY8u_cop-FOH1CAK0lWhqJrEdkIaB0sFLVf6a8V30uwUqqmoV8AVM,Reserve Bank acknowledges its rapid rate hikes could force some people to sell their homes - ABC News,"Australia's Reserve Bank says its rapid interest rate rises could see some mortgage owners fall into arrears, and some even having to sell¬†their homes.",https://live-production.wcms.abc-cdn.net.au/a8beb05f59372efeb0526ac6d4003a0e?impolicy=wcms_crop_resize&cropH=1689&cropW=3000&xPos=0&yPos=282&width=862&height=485,2022-10-08T21:41:23.705751245Z,,,
https://www.theguardian.com/environment/2022/oct/08/greta-thunberg-climate-delusion-greenwashed-out-of-our-senses,Greta Thunberg on the climate delusion: ‚ÄòWe‚Äôve been greenwashed out of our senses. It‚Äôs time to stand our ground‚Äô | Climate crisis | The Guardian,Governments may say they‚Äôre doing all they can to halt the climate crisis. Don‚Äôt fall for it ‚Äì then we might still have time to turn things around,https://i.guim.co.uk/img/media/819c0e6d88cf3f5ed51c3e69641765caa45f2fa8/0_105_6300_3781/master/6300.jpg?width=1200&height=630&quality=85&auto=format&fit=crop&overlay-align=bottom%2Cleft&overlay-width=100p&overlay-base64=L2ltZy9zdGF0aWMvb3ZlcmxheXMvdGctZGVmYXVsdC5wbmc&enable=upscale&s=19068f0fe84c96b3e48ac13c9f6dd913,2022-10-09T06:23:01.430604574Z,,,
https://en.wikipedia.org/wiki/Greta_Thunberg,Greta Thunberg - Wikipedia,,https://upload.wikimedia.org/wikipedia/commons/1/1a/Glastonbury2022_%28218_of_413%29_%2852182434551%29_%28cropped%29_%28cropped%29.jpg,2022-10-09T06:28:31.940094438Z,https://news.ycombinator.com/item?id=20014321,,
https://www.geekytidbits.com/date-range-table-sqlite/,Generating Date Ranges in SQLite | Geeky Tidbits,"SQLite supports <a href=""https://www.sqlite.org/lang_with.html#x1140"">Recursive Common Table Expressions</a> which is very handy sometimes. Although you have to keep an eye on performance, they can help you accomplish something that would otherwise be non-trival. Something like generating a range of dates or months, as I recently had to do.",,2022-10-09T06:46:55.42432143Z,,,
https://www.theage.com.au/politics/victoria/2-a-day-public-transport-fares-under-victorian-opposition-pledge-20221009-p5bo9n.html,Victorian election 2022: Opposition pledges to cut public transport fares to $2 a day,"Under the opposition‚Äôs plan, daily zone 1 and 2 fares would drop from $9.20 to $2, or from $4.60 to $1 for concession holders, but analysis shows wealthier suburbs better served by public transport would benefit the most.",https://static.ffx.io/images/$zoom_0.9819%2C$multiply_0.7554%2C$ratio_1.776846%2C$width_1059%2C$x_1%2C$y_58/t_crop_custom/q_86%2Ce_sharpen:60%2Cf_auto/t_theage_no_label_no_age_social_wm/493953e89e192a62fe24cd39a66cf42299a55805,2022-10-09T20:59:13.008278459Z,,,
https://www.theguardian.com/australia-news/2022/oct/10/victorian-greens-push-for-cannabis-to-be-legalised-taxed-similarly-to-alcohol,"Victorian Greens push for cannabis to be legalised, taxed similarly to alcohol | Victoria state election 2022 | The Guardian","Plan would see a 30% tax imposed, which analysis suggests will add $1.21bn in revenue over a decade",https://i.guim.co.uk/img/media/832823e1bc91330924fbee7633c27e280f772e6b/0_118_5814_3488/master/5814.jpg?width=1200&height=630&quality=85&auto=format&fit=crop&overlay-align=bottom%2Cleft&overlay-width=100p&overlay-base64=L2ltZy9zdGF0aWMvb3ZlcmxheXMvdGctZGVmYXVsdC5wbmc&enable=upscale&s=54b99a994fee001e62435a1b31d4e497,2022-10-09T21:25:13.132383551Z,,,
https://www.vice.com/en/article/zmp8gy/the-forgotten-operating-system-that-keeps-the-nyc-subway-system-alive,The Forgotten Operating System That Keeps the NYC Subway System Alive,"Vintage technology has powered the innards of the NYC subway system for decades‚Äîand sometimes, it surfaces in interesting ways. This one‚Äôs for you, OS/2 fans.",https://vice-web-statics-cdn.vice.com/images/vice-og.png,2022-10-09T21:49:51.48461099Z,https://news.ycombinator.com/item?id=33127423,,
https://xenodium.com/emacs-reveal-in-finder-dwim-style/,Emacs: Reveal in macOS Finder (DWIM style),,,2022-10-09T21:51:19.960536792Z,https://news.ycombinator.com/item?id=33144169,,
https://reneweconomy.com.au/bowen-tackles-carbon-market-reform-with-new-look-safeguard-mechanism-but-is-it-enough/,Bowen tackles carbon market reform with new look Safeguard Mechanism ‚Äì but is it enough? | RenewEconomy,"Proposed reforms will swap ACCUs for the new credit, but now they‚Äôll only be granted if the emitter can get under their new baseline emissions level.",https://reneweconomy.com.au/wp-content/uploads/2022/06/Chris-Bowen-federal-energy-minister-climate-change-aap.jpg,2022-10-10T03:23:04.339283639Z,,,
https://mango.pdf.zone/finding-former-australian-prime-minister-tony-abbotts-passport-number-on-instagram,When you browse Instagram and find former Australian Prime Minister Tony Abbott's passport number,Do not get arrested challenge 2020,https://mango.pdf.zone/img/sunburnt-country/title.png,2022-10-10T05:25:43.05386412Z,https://news.ycombinator.com/item?id=24488224,,
https://spectrum.ieee.org/peer-to-peer-network,Why the Internet needs the InterPlanetary File System - IEEE Spectrum,"We could be using the InterPlanetary File System, a peer-to-peer file-sharing system that promises to make the Net more efficient",https://spectrum.ieee.org/media-library/an-illustration-of-a-series.png?id=31861014&width=1200&height=600&coordinates=123%2C0%2C123%2C0,2022-10-10T05:36:07.543533976Z,https://news.ycombinator.com/item?id=33147071,,
about:reader?url=https%3A%2F%2Finterconnected.org%2Fhome%2F2022%2F10%2F10%2Fservers,I wish my web server were in the corner of my room (Interconnected),,,2022-10-12T21:01:22.723566078Z,,,
about:reader?url=https%3A%2F%2Finterconnected.org%2Fhome%2F2022%2F10%2F10%2Fservers,I wish my web server were in the corner of my room (Interconnected),,,2022-10-12T21:02:54.542340619Z,,,
https://blog.jetbrains.com/blog/2021/11/29/welcome-to-fleet/,Welcome to Fleet! | Company Blog,"Update (Dec 3, 2021): We‚Äôve received an overwhelming number of requests for the Fleet Early Preview program. Unfortunately we can't accept any new requests, but we will continue sending invites to tho",https://blog.jetbrains.com/wp-content/uploads/2021/11/Welcome_Fleet_1200x630.png,2022-10-12T21:18:02.092117882Z,https://news.ycombinator.com/item?id=29377515,,
https://blog.jetbrains.com/fleet/2022/10/introducing-the-fleet-public-preview/,Introducing the Fleet Public Preview | The JetBrains Fleet Blog,"Since the initial announcement of Fleet, we have had an overwhelming amount of interest from all of you, with over 137,000 people signing up for the private preview. Our reason for starting with a clo",https://blog.jetbrains.com/wp-content/uploads/2022/10/DSGN-14708_Fleet_public_release_Blog_Social_share_image_1280x720_06.png,2022-10-12T21:19:39.342392181Z,https://news.ycombinator.com/item?id=33175373,,
https://unherd.com/2022/07/chinese-zero-covid-was-always-a-lie/,Chinese Zero Covid was always a lie - UnHerd,Western media upheld the CCP's fabricated success,https://unherd.com/wp-content/uploads/2022/07/2GettyImages-1365134382-scaled.jpg,2022-10-13T07:37:28.930267005Z,https://news.ycombinator.com/item?id=32111354,,
https://overreacted.io/goodbye-clean-code/,"Goodbye, Clean Code ‚Äî Overreacted",Let clean code guide you. Then let it go.,,2022-10-13T07:44:44.037395365Z,https://news.ycombinator.com/item?id=22022466,,
https://xkcd.com/2684/,xkcd: Road Space Comparison,,https://imgs.xkcd.com/comics/road_space_comparison_2x.png,2022-10-13T22:00:16.09664697Z,https://news.ycombinator.com/item?id=33121206,,
https://www.postgresql.org/about/news/postgresql-15-released-2526/,PostgreSQL: PostgreSQL 15 Released!,"**October 13, 2022** - The PostgreSQL Global Development Group today announced the release of [PostgreSQL 15](https://www.postgresql.org/docs/15/release-15.html), the latest version of ‚Ä¶",https://www.postgresql.org/media/img/about/press/elephant.png,2022-10-14T01:51:48.936895628Z,https://news.ycombinator.com/item?id=33190456,,
https://prateeksurana.me/blog/future-of-rendering-in-react/,The future of rendering in React,"Understand what are the problems with current rendering patterns in React, and how the new rendering patterns introduced with React 18 and future versions of React aim to solve them.",https://prateeksurana.me/img/future-of-rendering-in-react.png,2022-10-14T21:33:08.341000334Z,,,
https://twitter.com/moyix/status/1581069716231049216,"(6) Brendan Dolan-Gavitt on Twitter: ""How cool is this! The VSCode GitLab extension now supports getting code completions from FauxPilot :D https://t.co/ITl0mOWoDW https://t.co/LJKd9hyMka"" / Twitter",‚ÄúHow cool is this! The VSCode GitLab extension now supports getting code completions from FauxPilot :D https://t.co/ITl0mOWoDW‚Äù,https://pbs.twimg.com/media/FfEWLyvXkAAGBo7.jpg:large,2022-10-15T01:50:20.515792769Z,https://news.ycombinator.com/item?id=33210306,,
https://gamerant.com/nintendo-3ds-streetpass/,It Seems No One is Using Nintendo 3DS StreetPass Feature Anymore,One 3DS user discovers that no one uses StreetPass anymore after they decide to spend the day in the heart of New York City with their handheld.,https://static0.gamerantimages.com/wordpress/wp-content/uploads/2020/09/nintendo-3ds-history.jpg,2022-10-15T01:52:59.295933074Z,,,
https://www.businessinsider.com/equifax-fires-employees-for-working-two-jobs-2022-10,Equifax Fires Employees for Working Two Jobs,Equifax fired the remote workers in recent months as part of a probe dubbed 'Operation Home Alone' that investigated thousands staff and contractors.,https://i.insider.com/63482978c03fe400197b609b?width=1200&format=jpeg,2022-10-15T01:55:15.784662934Z,https://news.ycombinator.com/item?id=33198708,,
https://shot-scraper.datasette.io/en/stable/javascript.html,Scraping pages using JavaScript - shot-scraper,,,2022-10-15T10:41:32.530009952Z,,,
https://simonwillison.net/2022/Mar/14/shot-scraper-template/,Instantly create a GitHub repository to take screenshots of a web page,"I just released shot-scraper-template, a GitHub repository template that helps you start taking automated screenshots of a web page by filling out a form. shot-scraper is my command line tool ‚Ä¶",https://static.simonwillison.net/static/2022/create-new-repository.png,2022-10-15T10:44:26.736523741Z,https://news.ycombinator.com/item?id=30675357,,
https://github.com/TommyX12/rapid-time-tracker,"TommyX12/rapid-time-tracker: A fast and lightweight time tracker with fuzzy completion, visualizations, and plain text data storage.","A fast and lightweight time tracker with fuzzy completion, visualizations, and plain text data storage. - TommyX12/rapid-time-tracker: A fast and lightweight time tracker with fuzzy completion, vis...",https://opengraph.githubassets.com/7975ea904d4f2fd5255ce03c45e879fd866cd36da7cad6e84fb08f50641e2bf4/TommyX12/rapid-time-tracker,2022-10-15T20:49:08.458997308Z,,,
https://github.com/lovesegfault/nix-config,lovesegfault/nix-config: My personal NixOS config,My personal NixOS config. Contribute to lovesegfault/nix-config development by creating an account on GitHub.,https://opengraph.githubassets.com/2d674e7c3a992ff2f7980e3e5b7407fc4fef14858680fbc695a065cc3027f6b1/lovesegfault/nix-config,2022-10-15T21:00:24.472355932Z,,,
https://hackaday.com/2022/10/13/2022-cyberdeck-contest-picking-the-best-of-the-best/,2022 Cyberdeck Contest: Picking The Best Of The Best | Hackaday,"Given how many incredible builds we‚Äôve covered over the last couple of years, we knew that an official Cyberdeck Contest would certainly receive some impressive entries. But never in our wild‚Ä¶",https://hackaday.com/wp-content/uploads/2022/08/cyberdeck_banner.png,2022-10-15T21:26:59.115970725Z,,,
https://www.abc.net.au/news/2022-10-15/paris-france-travel-food-why-the-french-love-baguettes/101526656,"A guide to French eating habits, from daily baguettes to wine and three courses for lunch - ABC News","In France, food is a national passion. Here's how to eat like a Parisian.",https://live-production.wcms.abc-cdn.net.au/2018d6243d8a80bdaf460ef647ac4413?impolicy=wcms_crop_resize&cropH=1395&cropW=2480&xPos=0&yPos=129&width=862&height=485,2022-10-15T22:48:09.285467081Z,,,
http://www.nightscout.info/,The Nightscout Project ‚Äì We Are Not Waiting,"What is the Nightscout project?      Nightscout (CGM in the Cloud) is an open source, DIY project that allows real time access to a CGM data via personal website, smartwatch viewers, or apps and widgets available for smartphones.  Nightscout was developed by parents of children with Type 1 Diabetes and has continued to be developed, maintained, and supported by volunteers. When first implemented,",http://www.nightscout.info/wp-content/uploads/2014/07/header-photo.jpg,2022-10-16T10:09:16.168489178Z,https://news.ycombinator.com/item?id=9024172,,
https://github.com/hasura/graphql-engine/blob/master/architecture/streaming-subscriptions.md,graphql-engine/streaming-subscriptions.md at master ¬∑ hasura/graphql-engine,"Blazing fast, instant realtime GraphQL APIs on your DB with fine grained access control, also trigger webhooks on database events. - graphql-engine/streaming-subscriptions.md at master ¬∑ hasura/gra...",https://repository-images.githubusercontent.com/137724480/601f6f00-936a-11e9-8f46-263945af47dc,2022-10-17T01:32:59.078908863Z,https://news.ycombinator.com/item?id=33227840,,
https://www.vice.com/en/article/jgpb3p/this-danish-political-party-is-led-by-an-ai,This Danish Political Party Is Led by an AI,"The Synthetic Party in Denmark is dedicated to following a platform churned out by an AI, and its public face is a chatbot named Leader Lars.",https://vice-web-statics-cdn.vice.com/images/vice-og.png,2022-10-17T01:38:01.077463238Z,https://news.ycombinator.com/item?id=33225916,,
https://github.com/richardanaya/wasm-service,"richardanaya/wasm-service: HTMX, WebAssembly, Rust, ServiceWorkers","HTMX, WebAssembly, Rust, ServiceWorkers. Contribute to richardanaya/wasm-service development by creating an account on GitHub.",https://opengraph.githubassets.com/0d4336df792ed2469a71249cd002c660c0e6681a0144cfd53f66ff628fd53ad0/richardanaya/wasm-service,2022-10-17T05:25:28.749974768Z,https://news.ycombinator.com/item?id=33228891,,
https://shot-scraper.datasette.io/en/stable/pdf.html,Saving a web page to PDF - shot-scraper,,,2022-10-17T10:04:38.940490028Z,,1666001065-Saving a web page to PDF - shot-scraper.png,1666001066-Saving a web page to PDF - shot-scraper.pdf
https://fuzzypixelz.com/blog/joining-the-church-of-emacs/,Mahmoud Mazouz,,,2022-10-17T10:13:21.306620417Z,https://news.ycombinator.com/item?id=33060527,1666001585-Mahmoud Mazouz.png,1666001588-Mahmoud Mazouz.pdf
https://tailscale.com/kb/1214/site-to-site/,Site-to-site networking ¬∑ Tailscale,Learn how to connect two subnets on your tailnet with each other.,https://tailscale.com/files/images/og-image.png,2022-10-18T11:35:06.996870212Z,,1666092898-Site-to-site networking ¬∑ Tailscale.png,1666092901-Site-to-site networking ¬∑ Tailscale.pdf
https://wongm.com/2022/10/metro-tunnel-flood-doors-maribyrnong-river-south-kensington-portal/,Protecting the Metro Tunnel from flooding - Waking up in Geelong,"The October 2022 Maribyrnong River flood in Melbourne‚Äôs west has reminded many that urban areas are not immune from being inundated with water. But what does this mean for the Metro Tunnel portal at South Kensington, located just a short distance from the river? Photo via Adam Bandt The flooding The recent Maribyrnong River flood [‚Ä¶]",https://wongm.com/wp-content/uploads/2022/10/Kensington-flooding-October-2022-Adam-Bandt.jpg,2022-10-18T11:47:25.802784717Z,,1666093633-Protecting the Metro Tunnel from flooding - Waking up in Geelong.png,1666093638-Protecting the Metro Tunnel from flooding - Waking up in Geelong.pdf
https://www.bbc.com/news/technology-63302179,Meta ordered to sell Giphy by UK's competition watchdog CMA - BBC News,The social media giant says it is disappointed with the ruling but will accept it.,https://ichef.bbci.co.uk/news/1024/branded_news/F77A/production/_127245336_gettyimages-1236896689.jpg,2022-10-18T23:41:37.606289287Z,https://news.ycombinator.com/item?id=33251976,1666136484-Meta ordered to sell Giphy by UK's competition watchdog CMA - BBC News.png,1666136490-Meta ordered to sell Giphy by UK's competition watchdog CMA - BBC News.pdf
https://www.afr.com/companies/energy/carbon-deal-to-target-the-mother-of-all-markets-20221018-p5bqpb,Carbon M&A: Renewable Energy Hub merges with TFS Green APAC to form CORE Markets,"Renewable Energy Hub has merged with TFS Green APAC in a $50m deal, creating an end-to-end service for the ever-rising number of companies seeking to meet net zero goals.",https://static.ffx.io/images/$zoom_0.274%2C$multiply_3%2C$ratio_1.777778%2C$width_1059%2C$x_0%2C$y_110/t_crop_custom/c_scale%2Cw_800%2Cq_88%2Cf_jpg/t_afr_exclusive_no_age_social_wm/d62d841baf6643b222bedabec8599ed220b0693a,2022-10-18T23:44:15.433588339Z,,1666136639-Carbon M&A: Renewable Energy Hub merges with TFS Green APAC to form CORE Markets.png,1666136646-Carbon M&A: Renewable Energy Hub merges with TFS Green APAC to form CORE Markets.pdf
https://www.theguardian.com/world/video/2022/feb/25/ukrainian-woman-sunflower-seeds-russian-soldiers-video,Ukrainian woman offers seeds to Russian soldiers so 'sunflowers grow when they die' ‚Äì video | World news | The Guardian,A woman is being hailed on social media after she offered a¬†heavily-armed Russian soldier sunflower seeds ‚Äì so that flowers grow when he dies on Ukraine‚Äôs soil,https://i.guim.co.uk/img/media/858c9b83e835ee9f5a3802bb0eee9db6a8e851f2/491_216_937_562/master/937.jpg?width=1200&height=630&quality=85&auto=format&fit=crop&overlay-align=bottom%2Cleft&overlay-width=100p&overlay-base64=L2ltZy9zdGF0aWMvb3ZlcmxheXMvdGctZGVmYXVsdC5wbmc&enable=upscale&s=6ace143979925a1a3072d7f3b92929f4,2022-10-19T06:16:48.256421045Z,,1666160189-Ukrainian woman offers seeds to Russian soldiers so 'sunflowers grow when they die' ‚Äì video | World news | The Guardian.png,1666160194-Ukrainian woman offers seeds to Russian soldiers so 'sunflowers grow when they die' ‚Äì video | World news | The Guardian.pdf
https://www.digitaltrends.com/mobile/what-is-rcs-messaging/,"What is RCS messaging, how does it work, and will it replace SMS? | Digital Trends","What is RCS? Rich Communication Services messaging is the next-generation SMS with group chats, video, audio, and images. Here's what you need to know.",https://www.digitaltrends.com/wp-content/uploads/2020/02/text-message-phone-lifestyle-feature.jpg?p=1,2022-10-19T08:40:37.704771171Z,,"1666168794-What is RCS messaging, how does it work, and will it replace SMS? | Digital Trends.png","1666168807-What is RCS messaging, how does it work, and will it replace SMS? | Digital Trends.pdf"
https://news.ycombinator.com/item?id=33258684,Tell HN: I asked Signal motivations for SMS removal | Hacker News,,,2022-10-19T08:42:51.446531247Z,,1666168958-Tell HN: I asked Signal motivations for SMS removal | Hacker News.png,1666168960-Tell HN: I asked Signal motivations for SMS removal | Hacker News.pdf
https://reneweconomy.com.au/victoria-fast-tracks-coal-exit-with-95-pct-renewable-target-2035/,Victoria fast-tracks coal exit with target for 95 pct renewables by 2035 | RenewEconomy,"Victoria Labor jacks up its renewable energy and net-zero emissions ambition, with promise of new government-owned energy company to deliver targets.",https://reneweconomy.com.au/wp-content/uploads/2018/06/ACCIONAs-Mt-Gellibrand-wind-farm-enters-commissioning-phase-copy.jpg,2022-10-20T01:04:19.885955224Z,,1666227837-Victoria fast-tracks coal exit with target for 95 pct renewables by 2035 | RenewEconomy.png,1666227844-Victoria fast-tracks coal exit with target for 95 pct renewables by 2035 | RenewEconomy.pdf
https://adguard.com/en/blog/easylist-filter-problem-help.html,EasyList is in trouble and so are many ad blockers,"You may not be aware of it, but the work of every ad blocker is powered by ‚Äúfilter lists‚Äù ‚Äî lists of rules that tell the ad blocker how exactly it should block ads. EasyList is a community-run project that maintains one of the world‚Äôs most popular ad blocking filter lists.",https://adguard.com/content/images/2022/10/help_big-1.jpg,2022-10-20T05:39:16.775568149Z,https://news.ycombinator.com/item?id=33266471,1666244346-EasyList is in trouble and so are many ad blockers.png,1666244350-EasyList is in trouble and so are many ad blockers.pdf
https://www.clickcease.com/,Click Fraud Protection & Detection Software | ClickCease‚Ñ¢,ClickCease is an ad fraud and click-fraud detection and protection service software. Our anti click-fraud service protects Google Ads and Bing by using our industry leading detection algorithms blocking fraudulent IPs automatically.,https://www.clickcease.com/assets/img/characters/shared-image.png,2022-10-20T10:02:27.435006902Z,,1666260139-Click Fraud Protection & Detection Software | ClickCease‚Ñ¢.png,1666260141-Click Fraud Protection & Detection Software | ClickCease‚Ñ¢.pdf
https://znc.chat/Using_commands,Using commands - ZNC,,,2022-10-20T12:05:28.786000673Z,,1666267520-Using commands - ZNC.png,1666267524-Using commands - ZNC.pdf
https://webapp.io/blog/postgres-query-speedups/,An ORDER BY statement improved our query times by 100x,"PostgreSQL queries can be sped up by creating the right indices, and making sure that the indices are being used.",https://webapp.io/blog/content/images/2022/01/best-practices-2.png,2022-10-20T12:27:29.862784553Z,https://news.ycombinator.com/item?id=33265933,1666268834-An ORDER BY statement improved our query times by 100x.png,1666268838-An ORDER BY statement improved our query times by 100x.pdf
https://www.bbc.com/news/live/uk-politics-63309400,Liz Truss resignation: Tory PM hopefuls need backing of 100 MPs by Monday to enter race - BBC News,"Liz Truss steps down after 45 days in office, kickstarting a process that will give the UK its third prime minister this year.",https://m.files.bbci.co.uk/modules/bbc-morph-news-waf-page-meta/5.3.0/bbc_news_logo.png,2022-10-20T21:12:35.437871388Z,https://news.ycombinator.com/item?id=33273675,1666300331-Liz Truss resignation: Tory PM hopefuls need backing of 100 MPs by Monday to enter race - BBC News.png,1666300342-Liz Truss resignation: Tory PM hopefuls need backing of 100 MPs by Monday to enter race - BBC News.pdf
https://tailscale.com/blog/magicdns/,MagicDNS is generally available ¬∑ Tailscale,"Tailscale automatically assigns IP addresses for every unique device in your network, giving each device an IP address no matter where it is located. We further improved on this with MagicDNS, which automatically registers a human-readable, easy-to-remember DNS name for each device ‚Äî¬†so you don‚Äôt need to use an IP address to access your devices. This means you can access the device monitoring, even if it moves from on-prem to the cloud, without ever needing to know its IP address in the first place.",https://tailscale.com/blog/magicdns/social.png,2022-10-21T06:13:18.830764284Z,https://news.ycombinator.com/item?id=33276601,1666332783-MagicDNS is generally available ¬∑ Tailscale.png,1666332787-MagicDNS is generally available ¬∑ Tailscale.pdf
https://linus.schreibt.jetzt/posts/switch-root-dual-boot.html,"Linus's blog - Back to Ubuntu: Linux dual-boot, but cheaper",,,2022-10-21T09:06:31.9219392Z,https://news.ycombinator.com/item?id=33285673,"1666343183-Linus's blog - Back to Ubuntu: Linux dual-boot, but cheaper.png","1666343185-Linus's blog - Back to Ubuntu: Linux dual-boot, but cheaper.pdf"
https://www.technologyreview.com/2022/10/21/1062001/spacex-starlink-signals-reverse-engineered-gps/,Starlink signals can be reverse-engineered to work like GPS‚Äîwhether SpaceX likes it or not | MIT Technology Review,Elon said no thanks to using his mega-constellation for navigation. Researchers went ahead anyway.,"https://wp.technologyreview.com/wp-content/uploads/2022/10/52368290810_8214dd2e40_crop.jpeg?resize=1200,600",2022-10-21T21:49:12.453396258Z,https://news.ycombinator.com/item?id=33287224,1666388932-Starlink signals can be reverse-engineered to work like GPS‚Äîwhether SpaceX likes it or not | MIT Technology Review.png,1666388940-Starlink signals can be reverse-engineered to work like GPS‚Äîwhether SpaceX likes it or not | MIT Technology Review.pdf
https://www.ventoy.net/en/index.html,Ventoy,"Ventoy is an open source tool to create bootable USB drive for ISO files. With ventoy, you don't need to format the disk again and again, you just need to copy the iso file to the USB drive and boot it.",,2022-10-22T00:06:52.109721379Z,https://news.ycombinator.com/item?id=23394714,1666397200-Ventoy.png,1666397205-Ventoy.pdf
https://www.abc.net.au/news/2022-10-21/state-gov-renationalise-power-system-control-energy-transition/101559418,Australia's biggest electricity system 'on life support' as states take control of the energy transition - ABC News,Top energy expert says the country's biggest electricity market is dying¬†as state and federal governments take control of renewable energy switch.,https://live-production.wcms.abc-cdn.net.au/4845e6f4430a3f1a1368707e3e931777?impolicy=wcms_crop_resize&cropH=2812&cropW=5000&xPos=0&yPos=261&width=862&height=485,2022-10-22T06:39:07.860186118Z,,1666420735-Australia's biggest electricity system 'on life support' as states take control of the energy transition - ABC News.png,1666420741-Australia's biggest electricity system 'on life support' as states take control of the energy transition - ABC News.pdf
https://fzakaria.com/2020/09/17/tailscale-is-magic-even-more-so-with-nixos.html,Tailscale is magic; even more so with NixOS | Farid Zakaria‚Äôs Blog,Our adventure into NixOS continues; this time let‚Äôs look into how we can harden our NixOS machines by putting them within a VPN. We will be using tailscale to setup our VPN. Restricting your machines; especially SSH for servers; behind a VPN is a great way to add a layer of security without having to mess with various checklists like making sure password based logins are disabled.,,2022-10-22T06:48:26.819303839Z,,1666421293-Tailscale is magic; even more so with NixOS | Farid Zakaria‚Äôs Blog.png,1666421295-Tailscale is magic; even more so with NixOS | Farid Zakaria‚Äôs Blog.pdf
https://darkcoding.net/software/linux-what-can-you-epoll/,Linux: What can you epoll? ¬∑ Graham King,On Linux what can you turn into a file descriptor and then monitor with epoll?,,2022-10-22T23:12:55.380736656Z,https://news.ycombinator.com/item?id=33299650,1666480360-Linux: What can you epoll? ¬∑ Graham King.png,1666480361-Linux: What can you epoll? ¬∑ Graham King.pdf
